Amit Gandhi <amit.gandhi@rackspace.com>
Amit Gandhi <amit@gandhi.co.nz>
Anantha Arunachalam <anantha.arunachalam@rackspace.com>
Andreas Jaeger <aj@suse.com>
Brian Metzler <brian.metzler@rackspace.com>
Bryan <bryan+github@davidsons.name>
Chris Powell <powellchristoph@gmail.com>
Christian Berendt <berendt@b1-systems.de>
Doug Hellmann <doug@doughellmann.com>
Henry Yamauchi <henryyamauchi@yahoo.com>
Isaac Mungai <isaac.mun@gmail.com>
Janonymous <janonymous.codevulture@gmail.com>
Jeremy Stanley <fungi@yuggoth.org>
Jorge Chai <jorge.chai@rackspace.com>
Malini Kamalambal <malini.kamalambal@rackspace.com>
Michael Xin <michael.xin@rackspace.com>
Miguel Quintero <migmaqer@gmail.com>
Mohan Madhavan <mohan.madhavan@rackspace.com>
Obulapathi N Challa <obulpathi@gmail.com>
Obulpathi <obulapathi.challa@rackspace.com>
Ondřej Nový <ondrej.novy@firma.seznam.cz>
Paul Glass <paul.glass@rackspace.com>
Robert Morgan <robert.thomas.morgan@gmail.com>
Ronald Bradford <ronald.bradford@gmail.com>
Sabeen Syed <sabeen.syed@rackspace.com>
Shaunak Kashyap <shaunak.kashyap@rackspace.com>
Shaunak Kashyap <ycombinator@gmail.com>
Sriram Madapusi Vasudevan <sriram@klusterkloud.com>
Sriram Padmanabhan <spzone@gmail.com>
Swapnil Kulkarni (coolsvap) <me@coolsvap.net>
Tony Tan <tony.tan@rackspace.com>
Tony Tan <tonytan198211@gmail.com>
Yunhai Zhu <yunhaia@gmail.com>
amitgandhinz <amit.gandhi@rackspace.com>
amitgandhinz <amit@gandhi.co.nz>
sabeensyed <sabeen.syed@rackspace.com>
tonytan4ever <tony.tan@rackspace.com>
tonytan4ever <tonytan198211@gmail.com>
venkatamahesh <venkatamaheshkotha@gmail.com>
wbrothers <william.brothers@rackspace.com>
